{"cameraMode":{"drawMode":0,"name":"Shaded","section":"Shading Mode"},"sceneLighting":false,"audioPlay":false,"sceneViewState":{"showFog":true,"showMaterialUpdate":false,"showSkybox":false,"showFlares":true,"showImageEffects":true,"showParticleSystems":true},"in2DMode":false,"pivot":{"x":0.0,"y":1.1150000095367432,"z":1.2000001668930054},"rotation":{"x":-0.03495920076966286,"y":0.9558234810829163,"z":-0.12720786035060883,"w":-0.2626792788505554},"size":0.3868238627910614,"orthographic":false}